השאילתות המובילות,קליקים,הופעות,שיעור קליקים,מקום
טל גורן,299,1993,15%,1.56
אדריכלית,209,10797,1.94%,3.56
טל גורן אדריכלית,153,779,19.64%,1.4
דוגמא להצעת מחיר אדריכלות,32,1298,2.47%,6.13
אדריכלים בצפון,27,3426,0.79%,13.99
מחשבון שכר טרחה אדריכל,27,905,2.98%,7.72
אדריכל מומלץ,23,6519,0.35%,6.18
עלות אדריכל לבית פרטי,20,2156,0.93%,4.41
גודל סלון מטבח מומלץ,20,470,4.26%,2.62
תכנון בית פרטי,19,9165,0.21%,4.29
אדריכלות מודרנית,19,6495,0.29%,3.19
כמה עולה אדריכל לבית פרטי,17,1823,0.93%,3.87
מחיר אדריכל לבית פרטי,16,2047,0.78%,4.78
שכר טרחה אדריכל,15,569,2.64%,7.74
גודל סלון סטנדרטי,14,625,2.24%,5.14
כמה עולה אדריכל,13,2240,0.58%,3.8
גודל סלון מומלץ,12,116,10.34%,3.38
אדריכל בצפון,11,628,1.75%,15.46
שאלון פרוגרמה עיצוב פנים,11,616,1.79%,26.44
מעצבת פנים,10,8653,0.12%,72.12
אדריכלית מומלצת,10,2676,0.37%,4.54
אדריכל יוקרה,9,2862,0.31%,6.52
מחירון אדריכלות,9,538,1.67%,7.21
אדריכלי יוקרה,8,5977,0.13%,9.99
עלות אדריכל,8,2222,0.36%,4.51
אדריכלים מומלצים בצפון,8,1643,0.49%,16.45
תכנית אדריכלית בית פרטי,7,1142,0.61%,3.39
אדריכל חוף הכרמל,7,897,0.78%,1.52
אדריכל מודרני,6,4480,0.13%,4.22
אדריכלית בצפון,6,1987,0.3%,14.2
כמה עולה אדריכל שיפוץ בית פרטי,5,1579,0.32%,7.46
איך לבחור אדריכל,5,1411,0.35%,5.94
אדריכלים בעמק חפר,5,449,1.11%,5.88
תכנון בית,4,4240,0.09%,6.93
תכנון אדריכלי לבית פרטי,4,2717,0.15%,4.44
תוכנית אדריכלית לבית פרטי,4,1730,0.23%,5.24
עלות אדריכל בית פרטי,4,1452,0.28%,4.81
גודל סלון,4,62,6.45%,2.55
אדריכלית פנים,3,4422,0.07%,10.91
אדריכלות יוקרה,3,4169,0.07%,10.4
אדריכל,3,3196,0.09%,78.35
משרד אדריכלות,3,1765,0.17%,76.74
כמה עולה אדריכל לבניית בית פרטי,3,1558,0.19%,4.67
מחיר אדריכל בית פרטי,3,1483,0.2%,5.55
מחיר אדריכל,3,665,0.45%,6.74
תכנון בית מגורים,3,547,0.55%,3.35
תוכנית בית פרטי מפלס אחד,3,312,0.96%,8.74
מידות סלון סטנדרטי,3,252,1.19%,7.85
tal goren,3,108,2.78%,5.38
אדריכל בתים פרטיים,2,6203,0.03%,27.54
אדריכלות בתי יוקרה,2,4192,0.05%,17.58
אדריכל לתכנון בית פרטי,2,4052,0.05%,6.99
אדריכל בית פרטי,2,3856,0.05%,19.37
אדריכל לבית פרטי,2,3379,0.06%,18.93
אדריכל פנים מומלץ,2,3104,0.06%,11.93
אדריכלית ומעצבת פנים,2,2469,0.08%,40.53
אדריכלים מומלצים,2,1541,0.13%,16.45
עלות אדריכל לבניית בית,2,1316,0.15%,4.37
שרטוט בית פרטי,2,904,0.22%,8.17
אדריכל בעתלית,2,857,0.23%,2.3
אדריכל בתים פרטיים בצפון,2,836,0.24%,22.83
אדריכל עמק חפר,2,738,0.27%,7.39
כמה עולה תכנון אדריכלי,2,637,0.31%,7.53
אדריכל מחיר,2,600,0.33%,7.15
אדריכלים מובילים בצפון,2,532,0.38%,19.51
כמה עולה תוכנית אדריכלית,2,477,0.42%,9.75
אדריכל מומלץ בצפון,2,279,0.72%,7.78
איך לבחור אדריכלית,2,237,0.84%,5.62
אדריכלים לבתי יוקרה,2,74,2.7%,16.16
אדריכלות בית פרטי,1,5129,0.02%,36.82
אדריכלות בתים פרטיים,1,3839,0.03%,26.56
אדריכל בתים,1,3395,0.03%,33.51
תכנון בית פרטי מפלס אחד,1,3038,0.03%,10.62
אדריכלים בתים פרטיים,1,2244,0.04%,29.47
אדריכל בסגנון מודרני,1,1926,0.05%,13.21
אדריכלית פנים מומלצת,1,1613,0.06%,20.07
תוכניות אדריכליות בית פרטי,1,1374,0.07%,4.01
מחיר אדריכל שיפוץ דירה,1,1372,0.07%,10.14
עלות אדריכל שיפוץ בית,1,1342,0.07%,9.37
תכנית אדריכלית,1,1267,0.08%,28.79
אדריכלים פרדס חנה כרכור,1,1136,0.09%,8.91
תוכניות לבית פרטי,1,1104,0.09%,5.53
אדריכלי פנים מומלצים,1,888,0.11%,36.56
אדריכלים מובילים לבתים פרטיים,1,879,0.11%,35.34
תוכניות בניה לבית פרטי,1,814,0.12%,6.01
אדריכלים בחיפה,1,789,0.13%,17.71
מחירון אדריכלים,1,753,0.13%,9.51
עלות תכנון אדריכלי,1,535,0.19%,6.6
תוכנית אדריכלית בית פרטי,1,503,0.2%,3.69
אדריכלות כפרית,1,461,0.22%,71.63
ארכיטקטורה מודרנית,1,274,0.36%,4.09
"עלות בניית בית פרטי 200 מ""ר",1,249,0.4%,39.47
תוכנית אדריכלית תכנון בית פרטי 160 מטר,1,234,0.43%,18.85
תכנון בית חדש,1,195,0.51%,6
שלבי בניית בית פרטי,1,188,0.53%,31.83
עלויות אדריכל,1,176,0.57%,5.07
עלות תוכנית אדריכלית,1,170,0.59%,9.81
מחיר אדריכלות,1,155,0.65%,6.5
גורן כרכור,1,141,0.71%,8.8
אדריכלית בית פרטי,1,129,0.78%,10.55
אדריכלית ומעצבת פנים בצפון,1,125,0.8%,67.17
תכנון אדריכלי מחיר,1,124,0.81%,10.47
תוכניות אדריכליות לדוגמא,1,124,0.81%,22.67
הצעת מחיר אדריכלות,1,97,1.03%,10.6
כיוון מומלץ לסלון,1,93,1.08%,21.23
אדריכל בנימינה,1,79,1.27%,33.25
אדריכלים,1,53,1.89%,91.57
מחשבון שכר טרחה עיצוב פנים,1,30,3.33%,9.57
מידות סלון,1,18,5.56%,20.72
שאלון פרוגרמה לדוגמא,1,8,12.5%,24.38
סלון בכניסה לבית,1,7,14.29%,11.29
אדריכלים בחדרה,1,2,50%,1
תכנון בתים פרטיים,0,5523,0%,33.65
אדריכלות בתים,0,5287,0%,34.73
אדריכל בתי יוקרה,0,4925,0%,18.99
תכנון בתי יוקרה,0,4305,0%,32.38
תכנון בתים,0,3899,0%,49.58
אדריכלות,0,3793,0%,63.73
תכנון אדריכלי בתים פרטיים,0,3625,0%,20.08
איך בוחרים אדריכל,0,2539,0%,8.04
אדריכלות פנים,0,2473,0%,21.52
אדריכל מודרני מומלץ,0,2365,0%,8.45
תכנון בית פרטי קומה אחת,0,2062,0%,20.89
אדריכלית רשויה,0,1964,0%,4.2
תכנון אדריכלי,0,1959,0%,81.92
מעצבת בתים,0,1658,0%,77.2
תוכניות בית פרטי קומה אחת,0,1628,0%,23.87
אדריכלות מודרנית בתים פרטיים,0,1531,0%,30.03
אדריכלות בית מודרני,0,1509,0%,20.76
בנייה מודרנית,0,1441,0%,24.62
תוכנית אדריכלית,0,1391,0%,39.07
עלות אדריכל לתוספת בנייה,0,1384,0%,10.51
תכנון בית פרטי 2 קומות,0,1382,0%,68.77
מעצבת פנים מחירים,0,1366,0%,70.53
עיצוב חלל סלון ומטבח,0,1299,0%,49.94
אדריכל בתים מומלץ,0,1279,0%,10.57
אדריכל זכרון יעקב,0,1243,0%,12.59
תכנון בית פרטי 200 מטר,0,1242,0%,39.82
כמה עולה אדריכל שיפוץ דירה,0,1204,0%,8.25
אדריכלי בתי יוקרה,0,1196,0%,25.95
אדריכל דירות יוקרה,0,1191,0%,18.35
עיצוב סלון מטבח ופינת אוכל בחלל אחד בדירת קבלן,0,1187,0%,45.66
עלות אדריכל שיפוץ דירה,0,1124,0%,8.9
תהליך בניית בית פרטי,0,1116,0%,20.55
אדריכל מודרני במרכז,0,1079,0%,52.72
סלון ומטבח בחלל אחד,0,1074,0%,42.12
מעצבת פנים המלצות,0,1056,0%,54.96
אדריכל פנים,0,1051,0%,59.11
עיצוב בתים פרטיים מבחוץ,0,1051,0%,81.94
בחירת אדריכל,0,1048,0%,10
עיצוב חזית בית פרטי,0,1033,0%,77.12
תוכנית בית פרטי,0,1011,0%,6.9
מעצבת פנים לבית,0,1011,0%,56.2
תכנון בית פרטי קטן,0,993,0%,42.71
עיצוב בית קרקע,0,980,0%,70.56
בניה מודרנית,0,953,0%,41.8
תוכנית בית פרטי שתי קומות,0,898,0%,24.86
תכנון בתים קטנים,0,869,0%,74.81
אדריכלי בתים פרטיים,0,862,0%,36.42
עיצוב סלון מטבח ופינת אוכל בחלל אחד,0,861,0%,53.84
תוכניות אדריכליות,0,860,0%,21.5
תוכניות בית פרטי,0,853,0%,8.81
עיצוב סלון ומטבח בחלל אחד קטן,0,849,0%,42.82
איך לבחור מעצב פנים,0,838,0%,83.46
עיצוב בתי יוקרה,0,834,0%,80.9
אדריכל פנים מחיר,0,833,0%,77.81
אדריכלות נוף בית פרטי,0,828,0%,87.35
בניית בית פרטי שלבים,0,807,0%,38.01
אדריכלות בית,0,799,0%,66.12
מדריך לבניית בית פרטי,0,790,0%,60.91
סלון ופינת אוכל בחלל אחד,0,786,0%,49.44
מחיר שעת עבודה אדריכל,0,774,0%,34.98
אדריכלית ומעצבת פנים מומלצת,0,770,0%,23.15
איך מתחילים לבנות בית,0,755,0%,55.33
עלויות בניה,0,740,0%,42.48
תכנון בית מודרני,0,735,0%,76.51
תכנון בית פרטי 120 מ ר,0,725,0%,24.78
מחירון אדריכלות ועיצוב פנים,0,692,0%,65.13
תכנון ועיצוב בית פרטי,0,687,0%,47.76
עיצוב פנים בעמק חפר,0,686,0%,18.39
עיצוב סלון ומטבח,0,673,0%,65.1
מעצב פנים בעמק חפר,0,669,0%,26.09
חתימת אדריכל תכנית תבנית,0,662,0%,26.06
אדריכלי בתים,0,652,0%,34.33
הדמיות אדריכליות מחיר,0,649,0%,93.26
תוכניות אדריכליות של בתים פרטיים,0,644,0%,18.62
משרד אדריכלית,0,644,0%,24.71
עיצוב בתים פרטיים קטנים,0,634,0%,85.81
מעצב פנים לבית,0,631,0%,82.02
מעצבי פנים מחירים,0,618,0%,81.5
תוכניות עבודה אדריכלות,0,616,0%,23
תכנון בית פרטי שתי קומות,0,614,0%,34.21
אדריכלות חוץ בתים פרטיים,0,613,0%,78.18
אדריכלות כפרית מודרנית,0,610,0%,29.4
כמה עולה אדריכל לשיפוץ דירה,0,604,0%,9.19
"תכנון בית פרטי 120 מ""ר",0,574,0%,22.41
איך בוחרים מעצבת פנים,0,574,0%,74.37
שלבי בניית בית,0,571,0%,31.09
חתימת אדריכל תכנית,0,557,0%,28.34
שירותי עיצוב פנים,0,554,0%,74.08
פרוגרמה אדריכלית,0,553,0%,33.77
תכנון בית פרטי 160 מטר,0,550,0%,21.55
מעצבת בית,0,546,0%,79.79
אדריכלים מומלצים בחיפה,0,544,0%,30.83
עיצוב פנים סלון ומטבח,0,526,0%,75.6
איך לבחור מעצבת פנים,0,523,0%,49.08
עלות הוצאת היתר בניה,0,523,0%,71.31
אדריכל בגבעת עדה,0,517,0%,8.17
סגנון אדריכלות,0,510,0%,13.89
הצעת מחיר אדריכל,0,507,0%,13.15
פרוגרמה,0,500,0%,87.78
תכנון סלון,0,497,0%,78.36
מה חשוב בתכנון בית,0,496,0%,8.92
אדריכלות ועיצוב פנים שכר,0,491,0%,83.39
תכנון אדריכלי לבית,0,490,0%,5.49
מה כוללת תוכנית אדריכלית,0,490,0%,16.54
סלון ומטבח עיצוב סלון מטבח ופינת אוכל בחלל אחד,0,488,0%,48.71
מחשבון עלות בניית בית פרטי,0,485,0%,70.63
המלצות על מעצבי פנים,0,484,0%,74.04
אדריכל בבינימינה,0,483,0%,8.77
תכנון בית פרטי 150 מטר,0,481,0%,42.69
אדריכלי החלומות,0,480,0%,55.14
תכניות אדריכלות,0,479,0%,64.81
מעצבת פנים מובילה,0,470,0%,60.87
איך בונים בית פרטי,0,469,0%,49.53
מחיר שרטוט אדריכלי,0,467,0%,9.06
עיצוב פנים,0,467,0%,92.34
איך בוחרים אדריכל ומעצב פנים,0,466,0%,31.52
גורן,0,465,0%,35.91
אדריכלות לבית פרטי,0,455,0%,20.49
משרד אדריכלים מומלץ,0,447,0%,15.88
תוכניות בתים פרטיים קומה אחת,0,447,0%,29.8
משרד אדריכלים בצפון,0,442,0%,66.66
מעצבת ואדריכלית פנים,0,435,0%,20.73
כמה עולה הדמיה אדריכלית,0,432,0%,84.59
עיצוב סלון קטן עם מטבח,0,429,0%,56.49
סגנון אדריכלי,0,427,0%,19.25
אדריכלים ומעצבי פנים בצפון,0,427,0%,81.03
משרד אדריכלים בחיפה,0,426,0%,55.4
מעצב פנים מתחיל,0,425,0%,42.2
סגנונות אדריכלות,0,424,0%,22.3
המלצה על מעצבת פנים,0,418,0%,61.67
אדריכל בחיפה,0,417,0%,37.93
אדריכלות בתים קטנים,0,416,0%,63.99
משרד אדריכלות ועיצוב פנים,0,414,0%,40.06
אדריכל באור עקיבא,0,414,0%,44.01
תוכנית אדריכלית לדוגמא,0,407,0%,33.02
שיפוץ בתי יוקרה,0,397,0%,54.13
פרוגרמה עיצוב פנים,0,395,0%,54.53
בניית בתים פרטיים,0,395,0%,79.06
תקציב בניה,0,395,0%,84.08
תוכניות עבודה אדריכליות,0,391,0%,19.58
בנית בית פרטי,0,378,0%,58.39
עיצוב מטבח וסלון,0,378,0%,70.09
מה זה מעצבת פנים,0,376,0%,44.91
תכנון וילה פרטית,0,374,0%,51.26
הקרנת תוכניות בנייה,0,373,0%,30.53
בניית בית חדש,0,369,0%,58.14
אדריכל מעצב פנים,0,369,0%,80.72
אדריכלות בצפון,0,366,0%,71.39
בניית בית פרטי,0,361,0%,8.98
שלבי בנייה בית פרטי,0,361,0%,41.94
תוכניות אדריכלות,0,361,0%,56.01
מחיר מעצב פנים,0,361,0%,82.93
הקרנת תוכניות דירה,0,356,0%,13.78
תמחור עלויות בניה,0,355,0%,65.34
גורן פרדס חנה,0,351,0%,8.66
אדריכלות ועיצוב פנים מומלצים,0,351,0%,73.27
הקרנת תוכנית בנייה,0,348,0%,38.27
מעצבת פנים מומלצת לבית,0,348,0%,49.82
מעצבת,0,341,0%,84.57
אדריכל הבונים,0,340,0%,58.49
אדריכלים בתי יוקרה,0,337,0%,25.26
תכניות אדריכליות,0,337,0%,34.5
פנים עיצוב,0,332,0%,61.61
מחיר הדמיה אדריכלית,0,330,0%,89.73
בקרת תכנון אדריכלית,0,328,0%,26.55
שרטוט תכנית קונסטרוקציה,0,327,0%,73.74
איך לעצב בית פרטי,0,325,0%,19.91
תמחור בניה,0,321,0%,59.55
עיצוב בית פרטי קטן,0,317,0%,77.7
בתים יפים ומעוצבים,0,312,0%,34.85
עלות בניית בית פרטי למ ר,0,310,0%,70.62
עיצוב סלון ופינת אוכל בחלל אחד,0,309,0%,54.53
תוכניות בתים פרטיים,0,307,0%,17.76
עלות בניית בית פרטי,0,306,0%,56.29
שלבי תכנון פרויקט בניה,0,304,0%,66.39
מושב מאור,0,303,0%,34
תוכנית אדריכלות,0,301,0%,67.21
אדריכלים פרויקטים גדולים,0,298,0%,79.6
משרדי עיצוב פנים מובילים,0,298,0%,84.64
עיצוב סלון ופינת אוכל,0,295,0%,62.13
מעצב פנים עלות,0,291,0%,80.73
פרוגרמה אדריכלות,0,286,0%,58.15
תכנון בית 160 מר,0,281,0%,32.05
אדריכלות בניינים,0,280,0%,55.95
תוכנית בית,0,279,0%,13.68
הקרנת תוכניות אדריכליות,0,278,0%,15.45
אדריכלות לאדריכלים,0,277,0%,73.6
טיפים לבניית בית פרטי,0,276,0%,43.96
כמה עולה אדריכל פנים,0,276,0%,84.09
אדריכל בישובי אלונה,0,270,0%,25.39
אדריכלות בישראל,0,269,0%,68.56
הקרנת תוכנית אדריכלית,0,268,0%,19.71
מטבח בכניסה לבית,0,267,0%,23.44
סלון צמוד למטבח,0,263,0%,25.51
שלבי תכנון פרויקט,0,257,0%,74.75
תכנון בית פרטי 140 מ ר,0,253,0%,56.86
תוכניות בתים,0,252,0%,14.73
אדריכלים ומעצבי פנים מומלצים,0,252,0%,80.17
מעצבת פנים עיצוב פנים,0,251,0%,69.38
בניית בית פרטי עלויות,0,250,0%,73.32
מטבח סלון,0,248,0%,57.35
"עיצוב פנים מחיר למ""ר",0,247,0%,53.35
תכנון אדריכלי דוגמאות,0,245,0%,49.13
tsrhfk,0,243,0%,78.11
שכר אדריכל,0,242,0%,32.44
אדריכלית ומעצבת פנים מחיר,0,240,0%,28.69
איך בוחרים אדריכלית,0,239,0%,3.9
הכנת גרמושקה,0,239,0%,71.13
שרטוט של בית,0,238,0%,29.14
שיפוצי יוקרה,0,235,0%,85.37
איך לבחור אדריכלית סינרגית,0,234,0%,13.76
כמה עולה לבנות בית,0,233,0%,61.74
תמחור בניה אונליין,0,232,0%,32.25
אדריכלות שכר,0,228,0%,33.81
משרד אדריכלות בצפון,0,225,0%,57.1
מעצבת פנים ואדריכלית,0,222,0%,25.65
משכורת אדריכל,0,222,0%,36.75
ייעוץ אדריכלי מחיר,0,217,0%,10.32
אדרכלות,0,217,0%,64.03
עיצוב אדריכלי לבתים פרטיים,0,215,0%,70.82
סגנון באדריכלות,0,214,0%,23.48
ציוד לעיצוב פנים,0,214,0%,71.76
סלון מטבח ופינת אוכל בחלל אחד,0,213,0%,38.7
אדריכל מומלץ בשרון,0,210,0%,89.2
מעצב פנים מחירים,0,209,0%,72.23
מיקום טלוויזיה בסלון ללא קירות,0,209,0%,79.71
מחשבון עיצוב פנים,0,208,0%,17.48
מעצבת פנים עלות,0,208,0%,77.82
הדמיית בית פרטי,0,207,0%,19.74
אדריכל נוף מחיר,0,207,0%,81.27
איך למצוא מעצבת פנים,0,206,0%,62.94
מהנדס בניין בית פרטי,0,206,0%,77.33
עיצוב ותכנון מכולות,0,203,0%,63.23
מחשבון עלויות בנייה,0,203,0%,82.77
הצעת מחיר לתכנון אדריכלי,0,202,0%,18.03
צ ק ליסט,0,202,0%,63.45
עלות הוצאת היתר בנייה,0,202,0%,78.51
אדריכל בעמק חפר,0,201,0%,8.95
מחשבון שכר טרחה אדריכלי,0,199,0%,6.79
מחירון הדמיות אדריכליות,0,199,0%,92.21
תכנית דירה,0,198,0%,71.28
תכנון בניית בית פרטי,0,196,0%,9.97
בניית בית פרטי תמונות,0,194,0%,66.7
מחיר אדריכלות ועיצוב פנים,0,193,0%,78.45
מטבח וסלון בחלל אחד קטן,0,191,0%,74.53
המלצות על מעצבת פנים,0,190,0%,71.91
אדריכלות בתים כפריים,0,188,0%,55.23
כמה אדריכל מרוויח,0,187,0%,44.84
תוכנית בניה לדוגמא,0,187,0%,74.48
אדריכלות בתים קומה אחת,0,186,0%,63.25
סגנונות עיצוב אדריכלי,0,185,0%,36.99
עיצוב מטבח וסלון בחלל אחד קטן,0,185,0%,79.41
איך לעצב סלון קטן עם מטבח פתוחות,0,182,0%,72.45
תכנית בית פרטי,0,181,0%,8.96
איך לבחור מעצבת,0,180,0%,69.36
אדריכל לבית קרקע,0,176,0%,27.64
המלצה על אדריכל,0,174,0%,26.67
הכנת תוכניות לביצוע,0,172,0%,21.69
עיצוב ותכנון קיוסקים,0,172,0%,34.2
אדריכלים מומלצים בארץ,0,172,0%,60.28
שירותי אדריכלות,0,170,0%,73.89
site:talgoren.co.il,0,169,0%,3.96
תכנון דירה,0,169,0%,18.91
אדריכלות עכשווית,0,166,0%,8.33
אדריכל ממד,0,166,0%,76.55
אדריכלים בחיפה המלצות,0,165,0%,27.72
עיצוב פנים בזכרון יעקב,0,164,0%,84.92
בתים מודרניים,0,164,0%,87.21
חזיתות של בתים פרטיים,0,164,0%,90.7
אדריכל משכורת,0,163,0%,40.82
אדריכל חלומות,0,163,0%,57.31
הדמיות אדריכליות מחירים,0,163,0%,91.8
אדריכלות משכורת,0,162,0%,32.45
זכויות בניה בית פרטי,0,161,0%,67.62
צ'ק ליסט,0,160,0%,75.56
תוכנית חשמל להגשה,0,158,0%,70.28
אדריכל בסגנון מודרני במרכז,0,157,0%,56.84
תכנון מכולת,0,157,0%,86.21
תכנון אדריכלי מודרני,0,155,0%,4.1
תוכנית בנייה בית פרטי,0,155,0%,6.94
תוכניות של בתים,0,154,0%,11.45
כמה עולה לבנות בית פרטי 150 מטר,0,154,0%,58.21
תכנון בית פרטי עם יחידת דיור,0,154,0%,65.71
עיצוב חזיתות בתים פרטיים,0,153,0%,85.38
אדריכל מכולות,0,153,0%,86.58
אדריכל עיצוב פנים,0,153,0%,87.5
עלות בנייה למטר בית פרטי,0,152,0%,75.35
אדריכלים בצפון מחירים,0,151,0%,45.17
מודרנית,0,151,0%,55.16
תהליך בניית בית,0,149,0%,54.94
עלות בניית בית פרטי 200 מ ר,0,148,0%,26.31
תוכנית חשמל אדריכלית,0,148,0%,55.56
מחירון אדריכל,0,147,0%,8.34
תכנון בית פרטי 200 מ ר,0,147,0%,30.81
מעצב פנים בזכרון יעקב,0,147,0%,84.25
עיצוב הבית פנים,0,146,0%,82.21
חישוב עלויות בניה,0,143,0%,77.39
חתימת אדריכל מסמך,0,141,0%,61.71
אדריכל בזכרון יעקב,0,140,0%,11.09
עלות אדריכלות ועיצוב פנים,0,140,0%,24.48
תוכניות לבתים פרטיים,0,139,0%,7.91
תכנון תקציב לבית פרטי,0,139,0%,51.42
משרדי אדריכלים בצפון,0,138,0%,71.83
תוכנית אדריכלית תכנון בית פרטי 120 מ ר,0,137,0%,25.91
עיצוב פנים על זמני,0,137,0%,78.09
ייעוץ לבניית בית פרטי,0,136,0%,67.1
כמה מרוויח אדריכל,0,135,0%,71.4
תוכניות‭ ‬אדריכליות,0,134,0%,19.6
תכנית אינסטלציה לבית פרטי,0,134,0%,35.9
תוכנית אדריכל,0,134,0%,58.6
מחיר בניית וילה,0,134,0%,62.85
מרחק בין בתים פרטיים,0,133,0%,39.86
תכנון תקציב לבניית בית פרטי,0,133,0%,60.65
תכנון בית פרטי בצפון,0,133,0%,63.47
אדריכל מומלץ במרכז,0,133,0%,85.3
תוכניות אדריכליות מוכנות לבתים פרטיים,0,132,0%,8.36
ליווי בנייה של בית פרטי,0,132,0%,34.45
מעצבת פנים עם המלצות,0,130,0%,49.12
מחפש מעצב פנים מתחיל,0,130,0%,66.1
בית קומה אחת,0,130,0%,74.61
עיצוב פנים עבודה,0,130,0%,80.65
עיצוב מטבח וסלון בחלל אחד,0,129,0%,62.16
מחירים של מעצבי פנים,0,129,0%,79.6
אדריכל וילות יוקרה,0,129,0%,86.71
תוכנית בית פרטי לדוגמא,0,128,0%,15.72
אדריכל בית,0,127,0%,50.12
אדריכלים ומעצבי פנים בחיפה,0,127,0%,86.46
אדרכלית בצפון,0,126,0%,19.34
אדריכלות לבתים פרטיים,0,126,0%,26.4
שאלון עיצוב פנים,0,126,0%,44.51
לגור בבנימינה,0,124,0%,53.64
תוכנית אדריכלית בית מגורים 120 מ ר,0,123,0%,17.63
תוכניות בתים פרטיים לדוגמא,0,123,0%,21.97
אדריכלות בית קרקע,0,122,0%,26.15
אדריכלית מומלצת במרכז,0,122,0%,71.6
עלות בניית בית פרטי עד מפתח,0,122,0%,79.74
תמחור פרויקטי בנייה אונליין,0,121,0%,31.82
זמן בניית בית פרטי,0,120,0%,55.21
תוכניות אדריכליות מוכנות,0,119,0%,10.88
חוקי בניה בית פרטי,0,119,0%,66.47
אדריכל בתים פרטיים מחיר,0,118,0%,4.15
אדריכלית מומלצת בצפון,0,118,0%,15.28
לבנות בשקט תכנון אדריכלי,0,118,0%,19.61
עלות בניית בית פרטי 2016,0,118,0%,38.06
יעקב גורן,0,118,0%,52.85
אדריכל וילות,0,118,0%,55.58
ארכיטקטית מומלצת,0,117,0%,5.9
אתר אדריכלות,0,117,0%,70.79
בתים כפריים מודרניים,0,116,0%,76.14
מתכנן מכולת,0,115,0%,41.41
עלות בנייה למ ר,0,115,0%,47.27
עלות בניה פרטית,0,115,0%,62.65
בית מגורים,0,114,0%,14.04
תוכנית אדריכלית לבית,0,114,0%,15.75
תכנית אינסטלציה אדריכלית,0,114,0%,57.22
מחירון שרותי בניה,0,114,0%,71.3
אדריכלות ועיצוב פנים בצפון,0,114,0%,86.61
המלצה על אדריכלית,0,113,0%,16.38
כמה עולה לבנות בית פרטי 2016,0,113,0%,33.24
שלבים בבניית בית פרטי,0,113,0%,41.71
תוכניות לבניית בית פרטי,0,112,0%,6.69
תוכנת בית פרטי מפלס אחד,0,112,0%,10.12
כמה עולה לבנות בית פרטי למ ר,0,112,0%,74.44
עיצוב פנים של בתי יוקרה,0,112,0%,84.01
תכנון בנייני מגורים,0,111,0%,24.51
עלויות בניה למ ר,0,111,0%,46.17
חלומות נוף כרמל,0,111,0%,52.46
תכנון ועיצוב בתים פרטיים,0,111,0%,78.14
המלצות על אדריכל,0,109,0%,18.16
עלות בניה בית פרטי,0,109,0%,60.79
עיצוב בתים 2020,0,109,0%,84.27
אדריכל לבתים פרטיים,0,108,0%,28.37
בניית תקציב לבית פרטי,0,108,0%,74.44
המלצות על אדריכלים,0,107,0%,45.18
מעצבת.פנים,0,107,0%,72.51
עיצוב פנים לבית,0,107,0%,73.9
תהליך תכנון,0,106,0%,10.44
הדמיה אדריכלית מחיר,0,106,0%,94.83
עיצוב אדריכלי לבית פרטי,0,105,0%,46.02
בניית וילה מחיר,0,105,0%,68.18
בית שתי קומות,0,105,0%,73.54
למה צריך מעצב פנים,0,105,0%,84.1
בית בסגנון מודרני,0,105,0%,86.1
מעצבי פנים מומלצים בצפון,0,105,0%,91.52
אדריכלות וילות,0,104,0%,60.62
ליווי בבניית בית פרטי,0,103,0%,39.39
בית פרטי קומה אחת,0,102,0%,58.91
עלות בניה למטר מרובע,0,102,0%,60.76
מבנה פשוט בסגנון כפרי,0,101,0%,40.97
אדריכל חיפה,0,99,0%,47.18
תכנון אדריכלי לבית 100 מטר,0,99,0%,67.98
כמה עולה לבנות בית פרטי 2019,0,99,0%,72.99
מעצבת פנים בחיפה המלצות,0,99,0%,73.01
אדריכל מומלץ בפתח תקווה,0,99,0%,78.62
אדריכל שכר,0,98,0%,45.4
תכנון בית יוקרה,0,97,0%,21.62
חלון לגג רעפים בבנימינה,0,97,0%,54.4
מתכנן סופרמרקט,0,96,0%,65.26
בית פרטי מפלס אחד,0,94,0%,33.45
אדריכל למגורים,0,94,0%,61.91
כמה עולה לבנות בית פרטי,0,93,0%,62.77
תכנון מינימרקטים,0,93,0%,67.51
מהי אדריכלות,0,92,0%,42.83
בניית בית קרקע,0,92,0%,76.6
משרדי אדריכלות ועיצוב פנים,0,92,0%,80.41
תכנון‭ אדריכלי,0,92,0%,84.82
מעצבת פנים מחיר,0,92,0%,87.52
תוכניות עבודה לביצוע,0,91,0%,57.14
עיצוב סלון עם מרפסת,0,91,0%,75.93
פוגרמה,0,90,0%,89.08
אדריכלית עיצוב פנים,0,89,0%,71.36
אדריכל נחשב,0,88,0%,26.99
משרד עיצוב פנים,0,88,0%,70.26
אדריכלית מומלצת בגדרה,0,88,0%,80.15
חסר לכם משהו בסלון?,0,88,0%,81
למה צריך מעצב פנים?,0,88,0%,84.07
משרדי אדריכלות בצפון,0,87,0%,65.9
בניית בית פרטי מחירים,0,87,0%,69.85
יועץ לבניית פרטית,0,87,0%,79.02
תוכנית וילה שתי קומות,0,86,0%,59.72
מעצבת פנים והום סטיילינג,0,86,0%,69.67
בניית בית פרטי עלות,0,86,0%,77.4
תכנון וילה,0,86,0%,84.74
עיצוב פנים מחיר למ ר,0,85,0%,58.48
עבודה עיצוב פנים,0,85,0%,84.49
עלות מעצבת פנים מחיר,0,85,0%,89.38
תוכנית דירה,0,84,0%,79.79
ארכיטקט אדריכל הבדל,0,84,0%,90.74
מעצב פנים מתחיל מחיר,0,83,0%,55.05
אדריכלים מומלצים בעולם,0,83,0%,58.25
הדמיות אדריכליות לבתים פרטיים,0,83,0%,61.12
תמחור בניית בית פרטי,0,83,0%,73.55
אדריכלים מובילים בחיפה,0,82,0%,33.79
עיצוב סלון ומטבח בחלל אחד,0,82,0%,51.76
עיצוב פנים ללא ניסיון,0,82,0%,78.05
תכנון מבנה ייחודי,0,82,0%,78.23
הסלון,0,81,0%,58.37
עלויות בניה מחשבון בניה עלויות בנייה,0,81,0%,82.17
אדריכל שיפוץ בית ישן,0,81,0%,90.67
כמה עולה אדריכלות ועיצוב פנים,0,80,0%,70.92
עיצוב פנים הבית,0,80,0%,94.16
אדריכל מומ,0,79,0%,13.3
"תוכניות לבית פרטי 160 מ""ר",0,78,0%,27.1
תכנון בתי מגורים המתאימים לגיל השלישי,0,78,0%,35.18
עלות בניה למטר בית פרטי 2016,0,78,0%,36
שיקולים בתכנון,0,78,0%,63.4
הדפסת תוכניות לביצוע,0,78,0%,75.91
מעצב פנים לדירה,0,78,0%,78.24
בוחרים להצליח בבחינות,0,78,0%,89.64
מודרניזם באדריכלות,0,77,0%,7.01
מה זה אדריכלות,0,76,0%,47.78
תוכנית אדריכלית לבית דו משפחתי,0,76,0%,57.62
אדריכלית וילות,0,76,0%,77.3
בחירת חומרים וצבעים לבית,0,76,0%,85.53
מודרני,0,75,0%,58.57
אדריכל להיתר בניה,0,75,0%,83.49
עיצוב חוץ בית פרטי,0,75,0%,89.27
יועץ פיתוח נוף מנוסה,0,74,0%,26.61
אדריכל\,0,74,0%,79.09
עיצוב מטבח פתוח לסלון,0,74,0%,89.14
שכר אדריכלים,0,73,0%,37.93
לבנות בית פרטי,0,73,0%,70.7
אדריכל בינוי ערים,0,73,0%,76.86
עבודה אדריכלות,0,73,0%,84.23
מבנים פרטיים,0,72,0%,56.26
איך בוחרים מעצבת פנים?,0,72,0%,80.83
אדריכלים באזור הצפון,0,71,0%,78.61
מעצב פנים בצורן,0,71,0%,90.83
חישוב שטחים אדריכלות,0,70,0%,42.4
חלונות גג בבנימינה,0,70,0%,56.07
אדריכל ומעצב פנים מומלץ,0,70,0%,79.83
אדריכלים מודרנים,0,69,0%,3.57
תהליך עיצוב פנים,0,69,0%,42.83
עלויות בניה בית פרטי,0,69,0%,54.87
תכנון תוספת בנייה לבית,0,69,0%,67.48
עיצוב פנים לבתים חדשים,0,69,0%,82.54
אדריכלית בחיפה,0,68,0%,20.49
מחיר הכנת גרמושקה,0,68,0%,61.97
עלות ממד למטר,0,68,0%,81.16
חישוב עלויות בנייה,0,68,0%,81.34
כמה עולה שינוי תב ע,0,67,0%,31.25
אדריכלים מפורסמים,0,67,0%,58.76
דוגמאות של בתים פרטיים,0,67,0%,78.82
בתים פרטיים בתים יפים מבחוץ,0,66,0%,53.98
מטבח וסלון,0,66,0%,71.27
תכנון מכלת,0,66,0%,86.86
אדריכלית בקריות,0,65,0%,13.88
בניית לנדינג מחיר,0,64,0%,55.3
עלות קונסטרוקטור לבית פרטי,0,64,0%,60.25
אומדן עלות בניה,0,64,0%,74.28
כמה עולה הדמיה,0,64,0%,85.88
מטבח וסלון בחלל פתוח,0,64,0%,90.11
תוכניות בית,0,63,0%,11.48
עלות בנייה בית פרטי,0,62,0%,60.21
אדריכלים בצפון הארץ,0,62,0%,69.98
משרדי עיצוב פנים מומלצים,0,62,0%,74.31
אדריכל חשוב,0,62,0%,83.23
אדריכלות וילות יוקרה,0,62,0%,84.6
קונסטרוקטור בית פרטי,0,61,0%,29.38
כתב כמויות לבית פרטי,0,61,0%,64.26
אדריכלות מבנים,0,61,0%,80.72
מעצבת דירות,0,61,0%,94.85
תוכניות בתים לדוגמא,0,60,0%,34.3
אדריכל רעננה,0,60,0%,58.37
אומדן עלויות הבניה,0,60,0%,72.02
טלי גורן,0,59,0%,9.75
שרטוטים של בתים,0,59,0%,50.59
תעריפי תכנון אדריכלי,0,59,0%,62.63
כמה עולה בניית בית,0,59,0%,70.97
עבודה מעצב פנים,0,59,0%,78.56
גודל מטבח אידיאלי,0,59,0%,88.46
עיצוב פנים מטבח וסלון,0,58,0%,63.31
חיפוש אדריכל רשום,0,58,0%,64.64
ייעוץ בשלב הבניה,0,58,0%,72.6
חצר בית פרטי,0,58,0%,82.16
מעצבת בתים והום סטיילינג,0,58,0%,91.74
עלויות בנייה,0,57,0%,34.04
שרטוט אדריכלי למתחילים,0,57,0%,47.91
בית גמיש,0,56,0%,45.39
אדריכלות בונה,0,56,0%,54.7
אדריכל בתי יוקרה בצפון,0,56,0%,64.04
אחריות מקצועית אדריכל,0,56,0%,70.02
מה עושה אדריכל,0,56,0%,76.55
עלות בניית וילה,0,55,0%,37.02
אדריכלות בתים פרטיים תמונות,0,55,0%,79.4
ייעוץ אדריכלי,0,55,0%,81.64
אדריכלות מגורים,0,55,0%,84.64
משרד אדריכלים בוטיק,0,54,0%,61.67
עיצוב סלון מטבח,0,54,0%,64.48
אדריכלות אירופאית,0,53,0%,44.3
עלות מעצבת פנים לדירה,0,53,0%,85.38
כמה עולה לעצב בית,0,53,0%,88.25
סגנון מודרני,0,52,0%,60.65
אדריכל עיצוב בתים פרטיים,0,52,0%,65.6
חדר סלון,0,52,0%,74.08
מעצבי פנים בזכרון יעקב,0,52,0%,85.46
עיצוב פנים מחירים,0,52,0%,92.02
מחיר הדמיות חוץ,0,52,0%,94.83
פיקוח ותכנון אדריכלי לבית פרטי,0,51,0%,17.43
עלות בניית בית,0,51,0%,63.78
משרדי אדריכלים בחיפה,0,50,0%,64.44
תכנון אדריכלי ייחודי,0,50,0%,64.68
חזיתות בתים פרטיים,0,50,0%,90.84
פרוגרמה לתכנון,0,50,0%,94.98
מעצב פנים עבודה,0,49,0%,67.14
אדריכלים עיצוב פנים,0,49,0%,82.86
עצוב פנים,0,49,0%,93.27
היתר בניה אדריכל,0,49,0%,94.04
אדריכלות מה זה,0,48,0%,46.6
תכנון אינסטלציה לבית פרטי,0,48,0%,52.17
אדריכל בחדרה,0,48,0%,63.44
עלות אדריכל פנים,0,48,0%,87.21
אדריכלים צפון,0,47,0%,48.7
תכנון אדריכלי בסגנון אירופאי,0,47,0%,54.11
אדריכל בניה,0,47,0%,68.62
תוכניות קונסטרוקציה,0,46,0%,88.65
מטבח וסלון בחלל אחד,0,45,0%,55.87
כמה עולה להוציא היתר בנייה,0,45,0%,81.31
תכנון אדריכלי בצפון,0,45,0%,90.53
בניית בית עלויות,0,44,0%,75.89
אדריכל מסעדות,0,44,0%,89.41
אדריכלות סינרגית בתים פרטיים,0,43,0%,34.49
תכנון בית פרטי 100 מטר,0,43,0%,55.98
עיצוב חלל סלון גדול,0,43,0%,68.86
משרד אדריכל,0,43,0%,72.44
מדידות לעיצוב פנים,0,43,0%,85.28
עיצוב חוץ בתים פרטיים,0,43,0%,86.88
אדריכל בתים פרטיים עם המלצות,0,42,0%,20.74
עלות שינוי תב ע,0,42,0%,51.21
אדריכל רשוי,0,42,0%,72.57
אדריכל או ארכיטקט,0,42,0%,83.31
כמה עולה עיצוב פנים לבית,0,42,0%,86
מעצב פנים מחיר,0,42,0%,88.74
בתים בסגנון מודרני,0,42,0%,89.33
אדריכל משרדים,0,42,0%,92.12
תכנית בית,0,41,0%,19.83
אדריכלי נוף מפורסמים,0,41,0%,36.54
מחשבון בניית בית,0,41,0%,78.98
אדריכל למשרד,0,41,0%,79.27
תכנון אדריכלות פנים,0,41,0%,82.83
תוכניות אדריכליות בחינם,0,40,0%,35.88
תיעוד של כל תהליך הבניה,0,40,0%,61.55
עלות מעצב פנים לדירה,0,40,0%,83.6
בניית אתרים פרדס חנה,0,40,0%,85.83
עיצוב אדריכלי,0,40,0%,90.85
עיצוב פנים חדרה,0,39,0%,47.03
איך לקרוא תוכנית אדריכלית,0,39,0%,86.77
תקציב בניית בית פרטי,0,39,0%,89.87
תכנון בית לפי הקבלה,0,38,0%,68.68
תכנון קיוסקים,0,38,0%,72.34
משרדי אדריכלים מומלצים,0,38,0%,73.34
גודל מטבח מומלץ,0,38,0%,81.95
עיצוב פנים בתים פרטיים,0,38,0%,91.82
אדריכלי פנים מובילים,0,37,0%,31.54
חוות דעת אדריכלית,0,37,0%,83.97
בניית בית פרטי בישראל,0,37,0%,84.05
תכנון אדריכלי מבנים רפואיים,0,37,0%,91.59
אדריכלות פוסט מודרנית,0,36,0%,30
עלות בניה,0,36,0%,51.06
קבלן בנייה בסטנדרט גבוה,0,36,0%,53.11
מחיר למטר בניה עד מפתח,0,36,0%,66.81
תכנון חללים בבית פרטי קטן,0,36,0%,84.14
עיצוב פנים והום סטיילינג,0,36,0%,88.14
מעצבת פנים לא יקרה,0,35,0%,38.43
"עלות בניית בית פרטי 250 מ""ר",0,35,0%,71.03
שירותים לאדריכלים,0,35,0%,85.66
עיצוב חיצוני לבית פרטי,0,35,0%,93.71
אדריכלים חיפה,0,34,0%,39.91
עלות בניית בית פרטי 2024,0,34,0%,51.82
אדריכל בגליל,0,34,0%,57.56
מעצבי פנים בישראל,0,34,0%,92.97
תוכנית בית פרטי 180 מטר,0,33,0%,30.12
עיצוב פנים בחיפה,0,33,0%,33.12
בקרת תכן אדריכלות,0,33,0%,58.15
מחיר בניית בית,0,33,0%,60.82
כמה עולה עיצוב פנים לבית פרטי,0,33,0%,91.64
שכר של אדריכל,0,32,0%,41.94
כמה עולה בניה למטר,0,32,0%,77.72
"עלות בניית בית פרטי 100 מ""ר",0,32,0%,83.03
האם סלון נחשב חדר,0,31,0%,13.42
פרוגרמה אדריכלית דוגמא,0,31,0%,40.58
עיצוב פנים ואדריכלות בצפון,0,31,0%,77.29
אדריכלות בקריות,0,31,0%,77.65
תכנית בקרת ריצוף – תוכנית ריצוף,0,31,0%,82.29
עלות בניית בניין מגורים,0,30,0%,56.53
טושים לאדריכלים,0,30,0%,72.07
משרדי אדריכלים מפורסמים,0,30,0%,88.87
חזית בית,0,29,0%,3.38
חלונות גג בזכרון יעקב,0,29,0%,40.97
מטבח משולב עם סלון,0,29,0%,91.72
אדריכל בסגנון כפרי,0,29,0%,92.76
פנים,0,29,0%,94.45
אדריכלות סינרגית לבית מודרני,0,28,0%,38.86
תוכניות חשמל לבית פרטי,0,28,0%,59.89
פרוגרמה לבית מלון​,0,28,0%,69.71
תכנון בית 100 מטר,0,28,0%,79
עלות בנייה למטר,0,28,0%,80.57
משרדי אדריכלים מובילים בארץ,0,28,0%,81
מנ,0,28,0%,84.54
עיצוב בית פנים,0,28,0%,93.68
מדריך לתכנון פרטי בניין,0,27,0%,34.44
דרושים מעצבי פנים מתחילים,0,27,0%,48.33
תכנון דירה 90 מ ר,0,27,0%,65.56
אדריכלות ועיצוב פנים בתים פרטיים,0,27,0%,79.04
תכנון חשמל לבית פרטי,0,27,0%,79.96
מעצבת פנים מומלצת,0,27,0%,81.33
תוכנית בית דו משפחתי,0,27,0%,84.11
תוכניות עיצוב פנים,0,27,0%,90.7
גודל סלון מינימלי,0,26,0%,4.85
כיצד לבחור תוכנית הנדסה מתאימ,0,26,0%,6.08
בניית וילות,0,26,0%,41
בניהול מעצבת פנים,0,26,0%,61
אדריכלית מומלצת ברמת גן,0,26,0%,86.38
קריירה בעיצוב פנים,0,26,0%,86.69
הכנת תכנית אינסטלציה,0,26,0%,98.69
"""שרטוט היתרי בנייה בתים פרטיים",0,25,0%,12.28
אדריכלי פנים,0,25,0%,25.68
"עלות בניה למ""ר",0,25,0%,40.04
סלון מומלץ,0,25,0%,40.24
תוכניות עיצוב בתים,0,25,0%,65.48
שרטוט אדריכלי חתכים,0,25,0%,78.68
אדריכלים בבת ים,0,25,0%,90.4
שרטוט של בית פרטי,0,24,0%,7.04
עיצוב פנים מודרני קלאסי,0,24,0%,38.12
שלבים בבניית בית,0,24,0%,52.25
"תכנון בית פרטי 140 מ""ר",0,24,0%,53.46
הכנת תוכניות לביצוע פרויקט בניה,0,24,0%,58.04
מעצבת פנים לא שגרתית,0,24,0%,63.46
פרוגרמה לבית מלון,0,24,0%,65.17
אדריכאל,0,24,0%,65.62
מעצב פנים המלצות,0,24,0%,76.54
עיצוב פנים אדריכלי,0,24,0%,82.46
תכנון חדרי אוכל,0,24,0%,91.25
עיצוב בית פרטי,0,24,0%,92.58
עיצוב פנים המלצות,0,24,0%,97.88
סוגי אדריכלות,0,23,0%,27.04
כמה עולה מטר בניה,0,23,0%,66.43
עיצוב פנים מודרני חם,0,23,0%,75.52
תוספת בנייה עלויות,0,23,0%,78.09
ghmuc pbho,0,23,0%,93.91
משכורת של אדריכל,0,22,0%,46.41
בית גורן,0,22,0%,48.95
דוגמא להצעת מחיר עיצוב פנים,0,22,0%,49.18
פרוגרמה לדוגמא,0,22,0%,62.5
בניה בעתלית,0,22,0%,78.09
עלות בניה למטר בית פרטי,0,22,0%,78.14
עיצוב סלון חמים,0,22,0%,88.05
כמה עולה בנייה,0,21,0%,38.14
מעצבת פנים בזכרון יעקב,0,21,0%,77.95
תכנון‭ ‬אדריכלי,0,21,0%,86.57
כמה עולה היתר בניה,0,21,0%,90.38
מגזין אדריכלות,0,21,0%,96.33
שרטוט תוכניות בניה,0,20,0%,54.5
כמה עולה לבנות וילה,0,20,0%,57.75
סלון ומטבח מחוברים,0,20,0%,58.8
כמה עולה בניית בית פרטי,0,20,0%,61.9
מודרני עיצוב חוץ בית פרטי,0,20,0%,89.15
מאור גורן,0,19,0%,39.63
עיצוב סלון עם פינת אוכל,0,19,0%,88.11
מה כוללת תוכנית עבודה,0,19,0%,94.26
חברה לעיצוב פנים,0,19,0%,97.11
מעצב פנים למשרד,0,19,0%,98.79
תוכנית בית עם מידות,0,18,0%,20.67
"""שרטוט תכניות אדריכליות",0,18,0%,31.83
תכנון ביצוע תכנון אדריכלי,0,18,0%,60.33
איך בוחרים מעצבת,0,18,0%,80.72
עיצוב פנים מה זה,0,18,0%,82.06
תכנון גלריה בבית פרטי,0,18,0%,85.78
אדריכלות ערבית,0,18,0%,87.22
גודל גרמושקה,0,18,0%,89.94
כמה עולה לבנות ממ&quot;ד,0,18,0%,92.72
בניית תקציב בנייה,0,18,0%,93.72
אדריכלים שמתכננים בתים יפים,0,17,0%,7.88
אדריכלים לבתים פרטיים,0,17,0%,31.12
נישה אדריכלים,0,17,0%,34.18
"""שרטוט תוכניות ביצוע",0,17,0%,36.94
אדריכלים בפתח תקווה,0,17,0%,62.47
כמה זמן זה לימודי אדריכלות,0,17,0%,62.82
תמחור עיצוב פנים,0,17,0%,63.71
עלויות בניית בית פרטי,0,17,0%,69.18
תכנון+אדריכלי,0,17,0%,75.41
עלות למטר בניה,0,17,0%,83.41
עיצוב סלון ומטבח פתוח,0,17,0%,86.65
אומדן עלויות בניה,0,17,0%,95.94
"עלות בניה למ""ר בית פרטי 2024 ישראל",0,16,0%,9.75
תוכנית בית 120 מטר,0,16,0%,22.81
אדריכל לבית,0,16,0%,32.06
בדיקת תוכניות ומפרטים בשלב הרכישה,0,16,0%,53.56
אדריכלים בישראל,0,16,0%,60.31
תכנון וילה על הים,0,16,0%,68.38
שיפוצים בעתלית,0,16,0%,69.56
עיצוב מבני מגורים,0,16,0%,77.88
מעצבת מומלצת,0,16,0%,84.69
פרויקטים חדשים בבנימינה,0,16,0%,84.81
ארכיטקטורה נקייה,0,16,0%,86.06
מעצבים פנים,0,16,0%,92.69
כמה עולה לבנות בית פרטי 200 מטר,0,15,0%,1
מאור מושב,0,15,0%,34.87
קורות חיים לאדריכלית,0,15,0%,45.6
סגנון באדריכלות תשחץ,0,15,0%,50.2
כמה עולה לבנות בית מהיסוד,0,15,0%,63.2
המלצה על מעצב פנים,0,15,0%,66
תמונות של בתים פרטיים יפים,0,15,0%,71.33
שרטוט תוכנית בניה,0,15,0%,73.8
עיצוב סלון עם מטבח פתוח,0,15,0%,77.33
כמה עולה גרמושקה,0,15,0%,79.4
גרמושקה גודל,0,15,0%,88.13
אדריכלית בעמק יזרעאל,0,15,0%,90.47
מחיר הדמיות אדריכליות,0,15,0%,90.93
כמה עולה כתב כמויות,0,15,0%,91
עלות עיצוב פנים למשרדים,0,15,0%,97.2
"אדריכלית בנתה לעצמה בית 200 מ""ר",0,14,0%,5.36
סלון בבית,0,14,0%,5.5
"עלות בניה למ""ר בית פרטי בישראל 2024",0,14,0%,9.64
חלון לגג רעפים בזכרון יעקב,0,14,0%,42.43
עלות‭ ‬היתר‭ ‬בניה‭ ‬לבית‭ ‬פרטי,0,14,0%,54.57
משרד אדריכלים גדול,0,14,0%,74.71
אדריכל למסעדה,0,14,0%,79.14
עיצוב בית פרטי קטן ומעוצב,0,14,0%,80.57
בדק בית בפרדס חנה,0,14,0%,86.71
משרדי אדריכלים גדולים,0,14,0%,88.86
אישור הוט להיתר בניה,0,13,0%,16.38
קבלן בנייה לבתים פרטיים,0,13,0%,23.69
לייבל אדריכלים,0,13,0%,25.38
המלצה לאדריכל,0,13,0%,30.62
מבחן רישוי אדריכלות,0,13,0%,34.69
מאור טל,0,13,0%,42.46
עלות תכנון גלריה,0,13,0%,56.92
עלות בניית בית פרטי 150 מ ר,0,13,0%,61.23
פורום אדריכלות ועיצוב פנים,0,13,0%,66.23
סקר שכר אדריכלים,0,13,0%,72.85
דריכל,0,13,0%,78.38
עיצוב חדר משפחה קטן,0,13,0%,78.69
מחירון בנייה,0,13,0%,90.15
אדריכלית ברחובות,0,13,0%,90.38
אדריכל קיבוץ החותרים,0,12,0%,31
פרטים אדריכלות,0,12,0%,45.58
כמה עולה היתר בניה למטר,0,12,0%,56.33
אדרכלית,0,12,0%,60.17
יעוץ לעיצוב פנים,0,12,0%,61.42
ממון אדריכלים,0,12,0%,62.75
אדריכלים בגליל,0,12,0%,69.5
אדריכלים בנייה,0,12,0%,90.08
עיצוב פנים וילה,0,12,0%,97.92
בתים במאור,0,11,0%,8.64
"עלות בניית בית 120 מ""ר",0,11,0%,11.73
תוכנית בית 90 מטר,0,11,0%,25.18
שרטוט אדריכלי של בית,0,11,0%,32.36
ארכיטקט שכר,0,11,0%,33.36
תכנון בית עץ,0,11,0%,45.64
מבחן אדריכלות לדוגמא,0,11,0%,48.55
מחפשת מעצבת פנים,0,11,0%,52.45
עיצוב חלל סלון ופינת אוכל,0,11,0%,64.27
תמחור פרוייקטי בנייה,0,11,0%,76.09
אדריכלים מומלצים בדרום,0,11,0%,76.18
מחיר למטר בניה,0,11,0%,86.55
בית מודרני חם,0,11,0%,92.64
אין שני לרושם ראשוני,0,11,0%,93.27
שיפוץ דירה בבנימינה,0,10,0%,13.4
תוכנית של בית,0,10,0%,18.9
טל קציר,0,10,0%,44.1
עלות בניה למטר 2025,0,10,0%,46.8
אדריכלות ברעננה,0,10,0%,47.4
חנה טל,0,10,0%,57.4
"""שרטוט תכניות עבודה",0,10,0%,60.5
ביה ס להנדסאים בטכניון,0,10,0%,60.6
אדריכלים במרכז,0,10,0%,65.5
צבעים בגרמושקה,0,10,0%,68.2
סלון ופינת אוכל,0,10,0%,69.2
תוכנית בנייה לדוגמא,0,10,0%,71.2
מחיר בניה למטר,0,10,0%,77.1
עלות בניה למטר,0,10,0%,77.1
כמה זמן לוקח לבנות בית פרטי,0,10,0%,84.9
בתים יפים של אדריכלים,0,10,0%,86.7
עיצוב פנים בזול,0,10,0%,89.3
עלות בניית בית 150 מטר,0,10,0%,91
הדמיות פנים מחיר,0,10,0%,92.4
אדריכל או מעצב פנים,0,10,0%,97.6
תוכניות אדריכל,0,9,0%,24.33
תכנון וביצוע מבנים,0,9,0%,28.78
סגנונות באדריכלות,0,9,0%,33.67
טל הים אדריכלים,0,9,0%,37.67
כמה מרוויחה אדריכלית,0,9,0%,40.22
אדריכל רמת גן,0,9,0%,56.22
תכנית בניה,0,9,0%,58.67
ארט נובו אדריכלות,0,9,0%,62.22
אדריכל בית עם בריכה,0,9,0%,64.22
עלות בניה למטר בית משותף,0,9,0%,72.67
סלון לחצר,0,9,0%,79
עיצוב סלון עם מטבח,0,9,0%,79.89
"תכנון בית 180 מ""ר",0,9,0%,86.22
מדידה אדריכלית לשיפוץ,0,9,0%,91.44
סימנים בתוכנית אדריכלית,0,9,0%,92.67
אדרכלים,0,9,0%,97.11
איך נראה תהליך בחירת אדריכל ומעצבת לדירת יוקרה חדשה מקבלן בלי להסתבך,0,8,0%,3.12
למה עלויות התחזוקה שלי כל כך גבוהות?,0,8,0%,8.12
כמה עולה בניה,0,8,0%,15.5
תוכנית אדריכלית בית 160 מטר במפלס אחד,0,8,0%,22.62
אדריכל בניין,0,8,0%,23.25
"תוכנית בית 120 מ""ר",0,8,0%,31.25
רמה דותן אדריכלית,0,8,0%,47
גרמושקה של בית,0,8,0%,49
משפחת גורן,0,8,0%,49.75
חזית בית פרטי,0,8,0%,57.12
טרנדים חדשים בתכנון אדריכלי,0,8,0%,59.5
מחיר בניית בית פרטי,0,8,0%,59.88
סקיצה של בית,0,8,0%,64.5
עלות בניית בית פרטי 250 מ ר,0,8,0%,65.38
מחשבון עלויות בניה,0,8,0%,73.75
כמה עולה מטר בניה 2018,0,8,0%,75
אדריכל בקריות,0,8,0%,77.25
אדריכל ברחובות,0,8,0%,81.5
"עלות תב""ע נקודתית",0,8,0%,82.38
את עיצוב פנים,0,8,0%,86.38
פרטיים,0,8,0%,86.75
כמה עולה לבנות חדר נוסף,0,8,0%,87.62
מעצבת פנים בפתח תקווה,0,8,0%,88.88
אדריכלים מומלצים במרכז,0,8,0%,94.62
סלון בית,0,8,0%,95.5
אדריכל ישראלי,0,8,0%,96.88
מעצבת פנים מומלצת במרכז,0,8,0%,99.88
מחשבון saf,0,7,0%,8.86
לבן אדריכלים,0,7,0%,27.29
סלון מרווח,0,7,0%,29.29
בית מודרני קומה אחת,0,7,0%,33
עדה טל,0,7,0%,39.29
מעצבת פנים בבנימינה,0,7,0%,42.29
יוסי טל אדריכל,0,7,0%,46.71
אדריכלית בפתח תקווה,0,7,0%,55.14
כמה עולה מטר בניה לבית פרטי,0,7,0%,57.14
עלויות בנייה בית פרטי,0,7,0%,59.43
עלות בניה למטר בית פרטי 2018,0,7,0%,63.43
תכנון בית שתי קומות,0,7,0%,64.14
בית מעוצב בסגנון מודרני,0,7,0%,65.14
אדריכלות יפנית מודרנית,0,7,0%,66.29
עיצוב פנים מקצועי,0,7,0%,72.86
תוכנית בניה גרמושקה,0,7,0%,74.14
מבנים אדריכליים בישראל,0,7,0%,74.43
אתר אדריכלים,0,7,0%,75
מעצבת פנים לסלון,0,7,0%,79.29
אדריכלים מעצבי פנים,0,7,0%,81.71
אדריכלים ברעננה,0,7,0%,83.14
חזיתות של בתים מודרניים,0,7,0%,84.43
כמה עולה לבנות בניין,0,7,0%,84.57
מה אדריכל עושה,0,7,0%,87.86
גג רעפים מודרני,0,7,0%,92
כמה עולה בניית בית למטר,0,7,0%,93.57
הדמיות בתים פרטיים,0,7,0%,94